date,actual,hybrid_prediction,real_price,regime_probability
2016-01-01,100.0,99.27306374789563,99.27306374789563,0.5
2016-01-08,98.0525415862197,98.39241448959983,99.54163585932088,0.5
2016-01-15,94.88181335829734,95.53429007370825,100.26659868792507,0.5
2016-01-22,97.83820415086373,97.78764908898623,101.32682197520093,0.5
2016-01-29,103.0274511187165,102.6011754626412,102.6011754626412,0.5
2016-02-05,96.07790467159255,96.49491435440872,105.1229650137366,0.5
2016-02-12,104.38082235270333,104.72938631654307,109.13633592062304,0.5
2016-02-19,104.77997988029912,104.84174901268446,113.33641706776099,0.5
2016-02-26,116.61102938656708,116.41833733961087,116.41833733961087,0.5
2016-03-04,117.87956171254693,117.93077701662412,118.13504657282765,0.5
2016-03-11,123.53958787046093,123.48322486603388,119.40703941230758,0.5
2016-03-18,120.26743238985495,120.19727940615253,120.68076195487313,0.5
2016-03-25,122.37349033280151,122.40266029734673,122.40266029734673,0.5
2016-04-01,117.77276180642238,117.75649711991481,125.76377292474507,0.5
2016-04-08,132.12665048848154,132.4511724864145,130.43497861457578,0.5
2016-04-15,137.21609162325015,137.22380757864892,134.58248390239768,0.5
2016-04-22,136.34092197674764,136.3724953237697,136.3724953237697,0.5
2016-04-29,128.11914761254727,128.03387234017168,134.5066366849766,0.5
2016-05-06,123.9567018974865,123.92884027835689,130.4017476796318,0.5
2016-05-13,121.35954645882363,121.37891307922293,126.29685867428697,0.5
2016-05-20,124.46250835588435,124.43100003549387,124.43100003549387,0.5
2016-05-27,122.7722546083467,122.79382976948422,125.24606540982049,0.5
2016-06-03,128.46114584825764,128.58249803705277,127.17269671049037,0.5
2016-06-10,125.20150051487086,125.18640404956032,129.43304670403856,0.5
2016-06-17,131.29096409112,131.2492681570001,131.2492681570001,0.5
2016-06-24,128.93819713967673,128.91888190395525,132.4214224320506,0.5
2016-07-01,128.21532015159747,128.23827528187178,133.4057921039712,0.5
2016-07-08,140.2493244409029,140.38129041968529,134.4088617574551,0.5
2016-07-15,135.64472585066818,135.63711597719552,135.63711597719552,0.5
2016-07-22,141.28019356713838,141.26973314757097,137.6624145977707,0.5
2016-07-29,141.0844471266727,141.07421913771577,140.28549445593978,0.5
2016-08-05,142.1830603243874,142.17712370592034,142.55615563966722,0.5
2016-08-12,143.52885146162913,143.52419823691758,143.52419823691758,0.5
2016-08-19,139.087276677235,139.08462302221318,142.0418206877968,0.5
2016-08-26,137.06313766363942,137.0541673361882,138.78059007973096,0.5
2016-09-02,139.705425467902,139.67847890267106,135.51935947166515,0.5
2016-09-09,133.96375839648374,134.03698192254436,134.03698192254436,0.5
2016-09-16,140.273285739648,140.3581957096853,134.5648626981443,0.5
2016-09-23,142.44275414381028,142.40624015175382,135.96642400355603,0.5
2016-09-30,142.3839931326838,142.40554035219301,137.96854430669705,0.5
2016-10-07,140.29218544282676,140.29810207548513,140.29810207548513,0.5
2016-10-14,145.46710317462626,145.47931359074988,144.068761886177,0.5
2016-10-21,146.88372622235622,146.90006675797704,149.67188330113683,0.5
2016-10-28,146.63913722770872,146.62632388406223,155.75088726744343,0.5
2016-11-04,161.1923757177526,160.9491947321756,160.9491947321756,0.5
2016-11-11,159.44525076772402,159.4353177514844,165.67917265410108,0.5
2016-11-18,168.47173421400944,168.44192488926095,170.48762802714126,0.5
2016-11-25,165.88536573374282,165.87103182801727,174.21964185110522,0.5
2016-12-02,175.6440372686542,175.7202951258023,175.7202951258023,0.5
2016-12-09,166.69167981327158,166.65633491755798,174.4070410471452,0.5
2016-12-16,160.51215556728064,160.50670753063525,171.51788207409965,0.5
2016-12-23,162.60011153006067,162.66973568632932,168.6287231010541,0.5
2016-12-30,167.26698288979645,167.31546902239705,167.31546902239705,0.5
2017-01-06,173.1561069304169,173.14145357285287,169.17212000008004,0.5
2017-01-13,174.0146248578531,174.03305796111144,173.2567521509827,0.5
2017-01-20,179.03709608389323,179.0452574995254,177.3413843018853,0.5
2017-01-27,179.2027317319775,179.1980352795683,179.1980352795683,0.5
2017-02-03,177.07426699336472,177.08152044116963,178.94392298150058,0.5
2017-02-10,183.66302454181226,183.65691455938094,178.29804496807546,0.5
2017-02-17,179.12992226608114,179.1121038831303,177.4350895604602,0.1749805070928573
2017-02-24,176.52367806959083,176.52974507982202,176.52974507982202,0.1911733617245196
2017-03-03,168.1797584612411,168.20593232067586,175.5357973586771,0.2497013406463224
2017-03-10,178.39829038755846,178.35725900713982,174.33305673063887,0.40850799155567
2017-03-17,171.39177426139142,171.36138248517713,172.9852482685204,0.44224112611343097
2017-03-24,171.55872435362107,171.55609704513486,171.55609704513486,0.4499486809169632
2017-03-31,170.45909223606395,170.4532049502802,169.79814770961727,0.4538389331212521
2017-04-07,163.23974990497845,163.23813268973507,167.7385339509442,0.41398896653124356
2017-04-14,164.20406482713747,164.20888469377425,165.85286440169085,0.4301760125046539
2017-04-21,164.6328973763041,164.6167476944325,164.6167476944325,0.4419486489501345
2017-04-28,159.04658348562498,159.0804883621491,164.02942625318178,0.4038941933835038
2017-05-05,160.63902539164803,160.6295120141698,163.64312879507662,0.1669873669512651
2017-05-12,158.84726250217682,158.8509623648487,163.26294339237995,0.13412953428118096
2017-05-19,162.700816434886,162.69395811735484,162.69395811735484,0.18474207318519104
2017-05-26,161.03890590060072,161.02254116993677,161.3452550922331,0.18801027416449514
2017-06-02,162.79483759842617,162.810531651969,159.32497104686416,0.1296309803864786
2017-06-09,157.11113797785714,157.11161115584238,157.4867759649373,0.1917655660258919
2017-06-16,156.70803898545208,156.68433983014182,156.68433983014182,0.1980833013333996
2017-06-23,165.1055270439022,165.19954293683483,159.71906866324392,0.316142621861745
2017-06-30,168.43749101306935,168.49137962859442,166.43947859647403,0.3310451235937052
2017-07-07,174.5168202178279,174.43842315549173,173.26990478071784,0.35716465204041664
2017-07-14,176.62725760604712,176.634682366861,176.634682366861,0.3529730734182932
2017-07-21,179.14065413673825,179.13770797316022,176.94768757461472,0.3261032603982039
2017-07-28,178.4792445569164,178.50050349915185,177.1060270701676,0.3513718368192237
2017-08-04,179.48320773988212,179.49612457436373,177.25888167412154,0.19737976089347548
2017-08-11,177.5751782056707,177.55543220707844,177.55543220707844,0.2312778394927701
2017-08-18,183.68329108200638,183.69487601838827,179.21181991540212,0.165344878025376
2017-08-25,187.92372891520355,187.91282314826668,182.31369696198277,0.17804324361394366
2017-09-01,191.56112433669063,191.55060524242617,185.31451054221174,0.1524292935683252
2017-09-08,186.635855155085,186.6677078514804,186.6677078514804,0.24566360350090025
2017-09-15,184.84095300711584,184.8237219293983,186.67730581844123,0.2624855354004655
2017-09-22,182.5812296346029,182.60802015197203,186.68174984687036,0.28192866693720425
2017-09-29,188.0006288792464,188.00323813418328,186.68612984484446,0.33176130871355497
2017-10-06,186.68401621182673,186.69553572044018,186.69553572044018,0.3273689660587397
2017-10-13,190.09932247834226,190.09219974992556,186.90153466457684,0.28297121819759763
2017-10-20,189.520035084783,189.51153389024265,187.33703225611575,0.2606771713794089
2017-10-27,190.517578739698,189.9646459455413,187.76912598504663,0.24178916914589313
2017-11-03,188.11040822287052,187.96491334135922,187.96491334135922,0.2124530678244061
2017-11-10,182.85028519306297,182.82136745236167,187.70001770690828,0.27302222434246803
2017-11-17,187.22611575588883,186.55667695319633,187.11724731111622,0.3067908460588272
2017-11-24,186.15218109211304,186.13434338861748,186.53447691532418,0.2530813900063062
2017-12-01,186.27910765243288,186.26958128087324,186.26958128087324,0.2573128182488022
2017-12-08,189.46666185279193,189.4759065277502,189.89721947623394,0.2572188240592405
2017-12-15,196.8946595981996,196.93979307174547,198.05346454586999,0.3790965040124576
2017-12-22,203.45868149306563,203.41691258338204,206.6483122151123,0.45442143926505213
2017-12-29,211.56327954861771,211.59175820929187,211.59175820929187,0.4831729865543071
2018-01-05,219.20461516916149,219.66887960834683,213.21505742374066,0.2772848849391417
2018-01-12,217.25146981839154,217.25713173328546,214.5055821775753,0.38941263089972694
2018-01-19,217.90085460681487,217.92894672676945,215.35750433180365,0.3508247357702934
2018-01-26,215.60863738364287,215.66499574743358,215.66499574743358,0.4270717005506959
2018-02-02,198.35455812321462,198.13359541447,214.99867126060747,0.9292369935939753
2018-02-09,215.6624967620011,215.68194354895843,213.33384438160223,0.9642863631293912
2018-02-16,213.6411092708317,213.63972071823434,211.17173498262727,0.9484593561293638
2018-02-23,209.02861090228777,209.0135629358922,209.0135629358922,0.9274131606452627
2018-03-02,206.35696025785495,206.36317738653568,206.34799393271,0.8954832361953036
2018-03-09,205.42617697614196,205.44717177460893,203.06961122955138,0.8869580214588899
2018-03-16,198.78514420170106,198.77636020805016,200.28851104636246,0.8861313464236438
2018-03-23,199.14348046019117,199.11478960308926,199.11478960308926,0.8803387902597857
2018-03-30,201.08822775259506,201.11705526494788,200.6003262031975,0.7384019453589779
2018-04-06,202.94300008811027,202.90132238510273,203.93442311655107,0.2542166586612644
2018-04-13,212.70394753842385,212.67013899570145,207.43331101269337,0.4731924450959344
2018-04-20,209.3595023227824,209.41322056116766,209.41322056116766,0.4624135275543902
2018-04-27,207.11986852682656,207.05935424966694,210.02022926400616,0.4631017823613276
2018-05-04,213.28059393422078,213.27014646315138,210.4987352997497,0.5097790227199577
2018-05-11,217.81868857048238,217.74137513180173,210.81245035270456,0.39635655455740787
2018-05-18,210.93545204714266,210.92508610717704,210.92508610717704,0.5175775191165823
2018-05-25,206.1685078695999,206.1816174705115,209.1188151052587,0.565570359589565
2018-06-01,212.64979605585995,212.65644531739042,205.0456833655002,0.6018078108362441
2018-06-08,210.11359761503837,210.14730212534047,200.7242127868963,0.4781648556775468
2018-06-15,198.16450247346563,198.17292526844173,198.17292526844173,0.6396336874705348
2018-06-22,196.97856644512288,197.0371903322985,197.4188294039273,0.6358800865108221
2018-06-29,196.80905216790396,196.7713852382719,196.95924595418643,0.5571632229493725
2018-07-06,197.48456192556722,197.49922247615046,196.51816506877805,0.5039253531552245
2018-07-13,195.82002570098058,195.8195768972609,195.8195768972609,0.47393277115547006
2018-07-20,202.61251025445102,202.58304988870157,193.98874608940542,0.5606151560786073
2018-07-27,198.46381973752983,198.47989961516126,191.15606693959083,0.4888066444124898
2018-08-03,197.62460351968747,197.61310746308388,188.55322406428917,0.48560183163268716
2018-08-10,187.36396500814226,187.4119020799726,187.4119020799726,0.4500710713549473
2018-08-17,188.58295753134183,188.59388725898714,187.44333339674193,0.45718599431690193
2018-08-24,191.8881868691203,191.8686770621964,187.52726110115694,0.48520745406123106
2018-08-31,187.82675722000974,187.89445243490457,187.64813582437813,0.4946123031672869
2018-09-07,187.7999732318825,187.790408197566,187.790408197566,0.49242957696389894
2018-09-14,199.12466993228398,199.11184596789042,188.01363518861356,0.6464082500464152
2018-09-21,199.7628164517958,199.7769276934826,188.3503136442342,0.6199395315175462
2018-09-28,198.79304466300988,198.98707840662266,188.74430401381883,0.616020371543854
2018-10-05,189.1944348718712,189.13946674675842,189.13946674675842,0.5906077070195204
2018-10-12,188.30288504770124,188.298199286586,189.61869972123714,0.5857795201470551
2018-10-19,181.57128911044063,181.57564104958718,190.18286581468533,0.6164903455206097
2018-10-26,189.7755225999196,189.79951504737483,190.6527729753634,0.7025647328108814
2018-11-02,190.83330755394672,190.84922915153155,190.84922915153155,0.6959208340136243
2018-11-09,186.00839705806374,185.9982623772176,188.88784718635208,0.49540609931716934
2018-11-16,182.28732474378901,182.30897123862135,184.31959130976898,0.4867950480951309
2018-11-23,177.39306707006108,177.37952891671938,179.11829655021543,0.4904033837496257
2018-11-30,175.29655601373537,175.2577979361245,175.2577979361245,0.3849942244464877
2018-12-07,175.01607892911582,175.03237021285898,172.66148961858508,0.38035573266677414
2018-12-14,164.50284098320375,164.39653707147437,170.24141351144485,0.5107418684310205
2018-12-21,170.9757559821727,170.9740304599784,168.4543762872751,0.4617385171073202
2018-12-28,167.7605183318133,167.75718461864713,167.75718461864713,0.4319928062478946
2019-01-04,180.29374100489304,180.64036003945384,170.6474038865421,0.7960712087385469
2019-01-11,181.23279969039447,181.22579779511835,177.13849463264293,0.7774184381288713
2019-01-18,180.4030963576721,180.39568460726122,183.9611062705736,0.740730253016916
2019-01-25,187.86521183577779,187.84588821395806,187.84588821395806,0.7684019451133861
2019-02-01,183.76855554939382,183.7719460679844,189.0586889916773,0.7945631140605973
2019-02-08,185.96809883723319,185.9688443495397,190.00857108670795,0.5598409093177915
2019-02-15,190.79806821406632,190.80044397354447,190.64100484381748,0.5397447769864483
2019-02-22,190.90776182528782,190.9014606077732,190.9014606077732,0.47740312428046733
2019-03-01,188.25879314770586,188.25315410958302,190.95138745611837,0.19648576549846233
2019-03-08,190.24038547320072,190.2498839778768,190.9880492421527,0.202324735328918
2019-03-15,194.14081650277038,194.15596328965157,191.01063847427832,0.20506398775766888
2019-03-22,191.0199510120512,191.0183476608975,191.0183476608975,0.14206297264937331
2019-03-29,199.49923107920677,199.47974498158078,191.00103593133846,0.20652416827661518
2019-04-05,196.9374619242465,196.85720518200398,190.94975318309025,0.23916951833457833
2019-04-12,196.76685892134438,196.7814710964364,190.865478076796,0.20815403047829917
2019-04-19,190.71650637000408,190.749189273099,190.749189273099,0.31797340189150003
2019-04-26,185.96722948596155,185.94685671580987,188.5482848423158,0.36136271388697877
2019-05-03,183.67819028807955,183.68388305057962,183.87785535643198,0.35297050812159525
2019-05-10,182.3582589503838,182.3856284690814,179.2404182285941,0.27599048255463426
2019-05-17,177.09867055228452,177.1384908719489,177.1384908719489,0.31634048685617383
2019-05-24,177.9454511748401,177.95867245467429,178.34059642262795,0.08137740871426942
2019-05-31,178.82419066236935,178.79416612711307,181.0800369326485,0.11626555818077554
2019-06-07,185.98327985859123,185.99056812892974,184.05649818898573,0.33541728153505146
2019-06-14,185.98595295038743,185.96966597861467,185.96966597861467,0.2771810322750112
2019-06-21,191.0059672321153,190.99485816869407,186.88024617569027,0.29154276962351816
2019-06-28,191.18599138409851,191.20257573499694,187.65101472841013,0.27082787651271745
2019-07-05,186.9947302689377,186.94012318304428,188.18476253481336,0.33020828829249205
2019-07-12,188.42800677773258,188.38428049293907,188.38428049293907,0.21836201886487272
2019-07-19,186.18310846635774,186.24279646603352,184.4489369139898,0.2589628778187406
2019-07-26,176.940134143122,176.88160667567593,175.79118104030138,0.5258008942762653
2019-08-02,172.28774701102435,172.2550768708701,167.133425166613,0.3717629792696005
2019-08-09,163.18007729015784,163.19808158766372,163.19808158766372,0.5131197843641817
2019-08-16,163.67886128187624,163.65476156199603,165.673687867414,0.36164774463086236
2019-08-23,164.2907540949273,164.36296427584008,171.12002168286455,0.37533741483811595
2019-08-30,170.35352792081562,170.3769950708276,176.56635549831512,0.6153611437258113
2019-09-06,179.0495153156876,179.04196177806537,179.04196177806537,0.8016050923552774
2019-09-13,175.78371648303388,175.76303936314164,177.5556125656778,0.8011575189956179
2019-09-20,171.62712740520573,171.62649768217693,174.28564429842507,0.7172202695492866
2019-09-27,166.77737160414003,166.79435804201194,171.01567603117235,0.7201653520045621
2019-10-04,169.53353563165382,169.52932681878477,169.52932681878477,0.5347935083669402
2019-10-11,170.7844560093955,170.76419822709153,171.8173804154019,0.5363506292791038
2019-10-18,173.44928482688923,173.46080395038157,176.85109832795965,0.5455154963304748
2019-10-25,175.22441087782585,175.2391190529146,181.88481624051738,0.4659202240639376
2019-11-01,184.22305510416004,184.17286983713453,184.17286983713453,0.4750186878720571
2019-11-08,177.43538739920788,177.43542907252984,183.87305634474203,0.5767424633193113
2019-11-15,178.29989012531126,178.31301478809627,183.2134666614785,0.5133780344664189
2019-11-22,183.7191954008027,183.69349517502062,182.553876978215,0.4291751333044159
2019-11-29,182.27844255570528,182.25406348582248,182.25406348582248,0.46054691434383993
2019-12-06,190.8039760959058,190.79926609658165,183.8765619256394,0.5686579963982473
2019-12-13,189.10745359026623,189.20275237919464,187.44605849323668,0.6072570083965336
2019-12-20,190.44648555960111,190.47900574324817,191.01555506083392,0.6074649182421508
2019-12-27,192.67469753918138,192.63805350065084,192.63805350065084,0.44370108953500204
2020-01-03,189.97730235248693,189.9194210032768,191.39003277243773,0.2979452140072877
2020-01-10,191.56996606951648,191.5888431204297,188.25616919262163,0.30110613276839376
2020-01-17,188.82438571627748,188.8480409357521,184.1517606684374,0.2899035163621375
2020-01-24,179.94840751059806,179.99210510711987,179.99210510711987,0.5617143630179388
2020-01-31,183.04266121465392,183.04007539895832,175.7341969857725,0.3074652784847765
2020-02-07,181.3126630317976,181.30103830283767,170.843706592888,0.3147635629655179
2020-02-14,178.3260152275811,178.3285386717889,165.49894555278505,0.30943699562681454
2020-02-21,159.89093576226847,159.87822548978235,159.87822548978235,0.916726352038979
2020-02-28,158.11174233705003,158.1251090113104,152.56203436679027,0.9044648353540025
2020-03-06,125.1849083970208,125.28394911864503,143.8754549724578,0.9955682432780621
2020-03-13,118.98906020257115,118.82763153843969,136.61369116971193,0.9848306084592328
2020-03-20,133.6833493635136,133.57194682147954,133.57194682147954,0.9908541767978128
2020-03-27,131.42075922107858,131.45700995485478,133.89216865610578,0.9777619115864904
2020-04-03,140.71774808025347,140.77774615173476,134.73296787158543,0.9725857465110092
2020-04-10,136.0543099016208,135.95136569208674,135.91454503532003,0.9583137086325788
2020-04-17,137.2186084749369,137.25710071471113,137.25710071471113,0.9352195518257168
2020-04-24,142.8060700563194,142.81378944184152,139.13495205184702,0.9255636275725748
2020-05-01,141.10746873515242,141.0672810071442,141.77466197138787,0.7027609898434051
2020-05-08,137.74639388322032,137.8066902225686,144.77479971459275,0.6667613799858532
2020-05-15,147.7414925551701,147.73393452272074,147.73393452272074,0.5488774270707225
2020-05-22,153.0829133171897,153.08921463662625,150.726602437637,0.5312019838092629
2020-05-29,163.9064270455945,163.98804472685947,153.9158098936389,0.5262578626104786
2020-06-05,156.44258184492315,156.4193057221623,157.03283172063396,0.5470993136026336
2020-06-12,159.75562045007325,159.8089427485298,159.8089427485298,0.541213470658737
2020-06-19,161.0953147965663,161.05465116296733,162.1533589902638,0.5301137524301442
2020-06-26,161.1876359476127,161.20009207303036,164.2636116375532,0.5164219982753727
2020-07-03,162.25896465769287,162.25403988980116,166.30344828847515,0.4819323917836437
2020-07-10,168.39785452313288,168.43661654110682,168.43661654110682,0.4278229516086335
2020-07-17,169.33903753680121,169.29608474036226,171.14203293146429,0.41697686354924296
2020-07-24,170.78380895929763,170.8059911013953,174.18920742821814,0.3254291717020014
2020-07-31,177.23404010064914,177.226143770705,176.6777777784273,0.2513675849963977
2020-08-07,177.72080337675567,177.70738172915057,177.70738172915057,0.258651325570017
2020-08-14,177.87358269257598,177.85686837694925,177.39753761354663,0.2655052817211303
2020-08-21,175.64752690957206,175.5793506764096,176.7158805592179,0.2833084443320164
2020-08-28,176.22930616726381,176.24965603024094,176.0342235048892,0.28785406023222454
2020-09-04,175.7343043361635,175.72437938928528,175.72437938928528,0.26573558996539
2020-09-11,183.2050253472065,183.14564065925398,176.369000819635,0.31135361829793795
2020-09-18,172.48016123389522,172.43131193082482,177.84055096199756,0.41964788492085864
2020-09-25,174.04835022280358,174.01635903363686,179.44555859334292,0.38958581071986703
2020-10-02,180.5079114114299,180.49055249064105,180.49055249064105,0.420548164274056
2020-10-09,179.5466013924883,179.53741560735156,180.8814047787371,0.42114350247898086
2020-10-16,182.6748917080555,182.69791402985908,181.11365065437792,0.4192784209551279
2020-10-23,174.83176565774198,174.86362351554737,181.37831350238596,0.46090473473025473
2020-10-30,181.88665757927967,181.86641670758374,181.86641670758374,0.4861363711279395
2020-11-06,187.95231921561725,188.01901879491632,187.16243872146907,0.4728739610082271
2020-11-13,196.23798597158878,196.05045945831682,198.43904193984304,0.39645967409887917
2020-11-20,208.74391034635985,209.19870606964628,210.76952566398296,0.43432414349968873
2020-11-27,218.79691425332652,219.2271891951661,219.2271891951661,0.4410806524229642
2020-12-04,229.71528796686235,229.2806930153365,223.75392326426845,0.4261794310323393
2020-12-11,231.37909478199867,230.78693546159278,227.52009969834145,0.43355482121527944
2020-12-18,229.2137521735993,229.4437729711152,230.44173944292547,0.3414629714546928
2020-12-25,232.4435703167604,232.43486344356091,232.43486344356091,0.3497412742025259
2021-01-01,258.1084927276013,257.8807285219194,233.56939034606776,0.46896853961187146
2021-01-08,256.44463998044296,256.5233531766813,234.2831132018953,0.5006977710506177
2021-01-15,247.44260483614087,247.5248591322068,235.04386456502803,0.5434856328073518
2021-01-22,236.222107968999,236.31947698945032,236.31947698945032,0.5822195497995356
2021-01-29,236.38679284896796,236.53729725710255,241.316458957475,0.5513212107029125
2021-02-05,246.49839147296552,246.392478526017,250.11413600548215,0.5659639249180689
2021-02-12,256.03663509368226,256.2406162587247,258.48956626855716,0.5645824923544857
2021-02-19,262.3150846614135,262.21980788178536,262.21980788178536,0.5633351846201384
2021-02-26,258.2400948352853,258.1994574646305,261.08058045593145,0.3860816217938535
2021-03-05,272.36065407035363,272.3431019436001,258.574280119053,0.44275830227938767
2021-03-12,263.88104161420983,263.9030490718447,256.0679797821745,0.4423755895341134
2021-03-19,254.9518953428006,254.92875235632064,254.92875235632064,0.4268320946514654
2021-03-26,270.5053770724611,270.4803347525104,258.17284264721326,0.48374885494152303
2021-04-02,276.60638273151216,276.58247237862315,265.7955954584047,0.4819279433256679
2021-04-09,283.6889181495935,283.6891976139589,274.63273369766506,0.48470732697180774
2021-04-16,281.5347009941424,281.51998027276477,281.51998027276477,0.5101159506644224
2021-04-23,294.1786941306067,294.2201174296516,286.644185244813,0.5498730406224267
2021-04-30,308.3579146747685,308.28735596480414,291.60263195736013,0.5410697121398694
2021-05-07,304.32589345424856,304.35597251231053,295.34669324183824,0.47664919873913697
2021-05-14,296.8263783139373,296.8277419296794,296.8277419296794,0.4305431941690387
2021-05-21,299.15645908295966,299.11582741704757,294.4296911289925,0.3201464542687584
2021-05-28,303.0638435137557,303.1888442995374,289.1539793674812,0.3202260855553803
2021-06-04,298.3664011995328,298.363693921353,283.87826760597,0.3480507586386544
2021-06-11,281.4030838048235,281.4802168052831,281.4802168052831,0.5628935740655613
2021-06-18,293.38325246188566,293.364405978274,283.0464372296944,0.5564511463415495
2021-06-25,291.2309766761877,291.21555303425714,286.8455053737719,0.40295392631186044
2021-07-02,286.35825810426167,286.33869112008034,291.5280315437808,0.4113360968283943
2021-07-09,295.7401863084196,295.74462604598637,295.74462604598637,0.4693118933181784
2021-07-16,291.0236100795041,291.01360746039757,299.92124453916284,0.4776821522678459
2021-07-23,311.31335089559104,311.3246869416378,304.5158234893077,0.7089081108025301
2021-07-30,300.0154422043465,300.0202920558188,308.22694441352115,0.7482859066352516
2021-08-06,309.7447745629494,309.7531888289034,309.7531888289034,0.5857357750375299
2021-08-13,281.628532878261,281.60900731997003,307.5948575765688,0.859344511574911
2021-08-20,289.00772037953783,288.9699760888366,302.3452182058719,0.8674924091923625
2021-08-27,294.7701146030275,294.75154921169934,295.84230229627315,0.8598316677092072
2021-09-03,289.9391425661256,289.9241414272328,289.9241414272328,0.8443911700014815
2021-09-10,283.81504981972626,283.82927092529246,284.04325504724324,0.8434084227906734
2021-09-17,272.3352901639678,272.3250564645529,277.5648095745082,0.6404528926290286
2021-09-24,266.1462506727404,266.10495176533794,272.19580704305554,0.6127997143660029
2021-10-01,269.60740551478295,269.64324948691257,269.64324948691257,0.5201387199172843
2021-10-08,281.01853953789805,281.2629912357298,269.20052162975435,0.2427069388107997
2021-10-15,274.4374903199311,274.1008390137908,268.9363195368446,0.2200081963798877
2021-10-22,274.97314337602586,275.06003609493484,268.7206122545947,0.19122070365217295
2021-10-29,268.38605442739004,268.42336882941595,268.42336882941595,0.20946005263665302
2021-11-05,275.7724671007177,275.8148308822033,267.89086256834554,0.27005031516212935
2021-11-12,264.7535958993494,264.68330864502695,267.2151104861819,0.2683317431069917
2021-11-19,272.1337991831621,272.10072382309,266.6346971909782,0.28768088467234604
2021-11-26,266.4071428516395,266.3882072907874,266.3882072907874,0.31240304215633957
2021-12-03,272.53354139866747,272.5216651378275,268.45164822136843,0.23454366541055086
2021-12-10,270.15358690082934,270.15220960277054,273.06285812995276,0.2180753071146058
2021-12-17,273.5103460139723,273.5298276163862,277.85316769180275,0.22534760805021217
2021-12-24,280.4554364303012,280.45390758218036,280.45390758218036,0.2128843201831113
2021-12-31,287.3310775109178,287.3417930002099,280.9703933359231,0.2143372665323864
2022-01-07,302.37469891488007,302.2717169723283,281.24774615127484,0.17445485375148612
2022-01-14,296.1886321354915,296.2078713744877,281.527005198607,0.23824902976463738
2022-01-21,282.08916639048886,282.0492096482915,282.0492096482915,0.39057294134579185
2022-01-28,290.56187416820785,290.55900454097497,283.8099871213361,0.41462069071124585
2022-02-04,307.99603252522564,308.11811823445606,287.3278899927666,0.5393087641269639
2022-02-11,302.41082689548125,302.35216115141236,292.1283445639811,0.6178054677189327
2022-02-18,297.7196381964567,297.7367771363776,297.7367771363776,0.6574691589462864
2022-02-25,329.47930000395814,328.9751483004915,308.2423483340396,0.9124812654353834
2022-03-04,322.5198669053468,322.37627398411945,323.74410552673965,0.896253653644996
2022-03-11,322.28474946457135,322.3551549375702,337.78230513440974,0.8705208352598608
2022-03-18,343.53453376240236,343.89720357698155,343.89720357698155,0.8112509327541518
2022-03-25,339.91785606869985,340.1682282923159,342.6767958564885,0.8303958331827134
2022-04-01,338.87775143253424,338.9178839409495,339.4890862111325,0.7848580564189322
2022-04-08,345.5371431269409,345.4427809544911,335.0443449150979,0.7444017010655335
2022-04-15,329.9014792049295,330.0528422425695,330.0528422425695,0.8138109005558897
2022-04-22,314.02324342100064,313.99979141561755,322.64869097899754,0.515466144309364
2022-04-29,300.70381377098664,300.6906826520363,312.273858043583,0.5694342394376751
2022-05-06,278.54833603065356,278.4145537470674,301.6003949111365,0.7158482776012761
2022-05-13,293.05001809834414,293.3003530564687,293.3003530564687,0.6261871175392735
2022-05-20,310.08496960190115,310.18952949689134,288.02354707160544,0.7965343588702962
2022-05-27,320.2192990115979,320.1126013714168,283.8834101986601,0.8241071142604811
2022-06-03,296.97221125507235,297.0614643482403,279.74742188757375,0.8622689397530517
2022-06-10,274.58539294039565,274.4830615882879,274.4830615882879,0.883405704581322
2022-06-17,254.3581406255896,254.65456743349972,265.2945701129392,0.8919445012352045
2022-06-24,255.64506497888505,255.66223848755914,253.14775795359887,0.8820800696412125
2022-07-01,254.15198280706738,254.08407458004424,242.5524590801099,0.8248200331182536
2022-07-08,238.14831071915458,238.01850746231514,238.01850746231514,0.7656122530763124
2022-07-15,253.04554216312016,253.2413337481003,244.52119041565834,0.7725247877168748
2022-07-22,263.1860926279054,263.1764670978573,258.8270929130135,0.7821527863316673
2022-07-29,263.1106671666413,263.13576002191644,273.1329954103685,0.7205274581589977
2022-08-05,279.36242502364786,279.63567836371175,279.63567836371175,0.7036551366269201
2022-08-12,278.97055699656426,278.9815553468978,277.73108509644806,0.5003905250166429
2022-08-19,283.5158500409453,283.37068700475277,273.39370362468316,0.5020967382598459
2022-08-26,259.2121367516004,259.15264795045186,268.68813144345654,0.7569282016348717
2022-09-02,265.7783127385606,265.67896604780776,265.67896604780776,0.6298302398462663
2022-09-09,260.7650362426873,261.2114475343299,264.3508553545097,0.5678302871129435
2022-09-16,256.5447258719383,256.3141019364483,263.298978479504,0.5238151653484717
2022-09-23,248.0415939533511,248.1376949507955,262.5037297165836,0.55173315495748
2022-09-30,261.9377845509294,261.9455033595414,261.9455033595414,0.5225541949941193
2022-10-07,260.96696185109766,260.8879894519581,261.51122441301004,0.5162301245085508
2022-10-14,258.6103502710229,258.57908345852354,261.13593623699813,0.4858304745518249
2022-10-21,267.6293214096973,267.6115254302498,260.8722106583626,0.26155551473595107
2022-10-28,260.7481546830218,260.7726195039603,260.7726195039603,0.2639924703467557
2022-11-04,284.69629962267885,284.64601741822173,268.3494495202244,0.5424993352617082
2022-11-11,292.5404191390736,292.5442445593397,285.0184755560055,0.5064646273459028
2022-11-18,298.79871296669455,298.8409984366238,301.68750159178654,0.38133257234353346
2022-11-25,309.40106400504357,309.26433160805067,309.26433160805067,0.3370262334764789
2022-12-02,309.6927750848177,309.7131516491874,308.30729577248167,0.32098797345961405
2022-12-09,293.8983770674538,293.80939316355045,306.20181693423,0.49145763442232215
2022-12-16,295.8795909410434,295.88853551049897,304.0963380959783,0.4689652806032656
2022-12-23,303.1367300746405,303.13930226040935,303.13930226040935,0.3810107542721512
2022-12-30,305.91633354079374,305.90612459604483,310.1135283301543,0.13043031407638794
2023-01-06,334.4429088889587,334.3650192299776,325.45682568359325,0.3745058959389247
2023-01-13,331.9565623582032,331.94688118800315,340.8001230370321,0.3858004350418711
2023-01-20,347.7469976211807,347.7743491067771,347.7743491067771,0.41027793431093185
2023-01-27,339.4307013157851,339.4618898554977,345.23784668245656,0.4668305729393635
2023-02-03,328.61358103807254,328.58652131502424,339.0964098523548,0.35226582445586346
2023-02-10,334.65603605734896,334.53255466030987,331.5521442807617,0.34646712501891475
2023-02-17,324.78491045924716,324.80715563196713,324.80715563196713,0.4309541965937987
2023-02-24,336.6318204581914,336.6084794420191,318.22164702392575,0.4695708002754979
2023-03-03,322.3273489666517,322.2828424132418,311.0282375419897,0.19158057770379197
2023-03-10,300.98806358227137,300.9743339943507,305.237656801545,0.36454991753966076
2023-03-17,302.8810889958786,302.8606344179776,302.8606344179776,0.2057262517190905
2023-03-24,317.486519429197,317.48061444724067,305.41670051368527,0.3857086414217987
2023-03-31,308.28210625615554,308.2860794862719,311.0400459242419,0.382540281109616
2023-04-07,324.44382831810145,324.40660663074897,316.6633913347987,0.5294938785970873
2023-04-14,319.24802099918065,319.2194574305063,319.2194574305063,0.5040070391661685
2023-04-21,308.00748665939926,307.9348120126354,316.3529264699109,0.4508316505523817
2023-04-28,296.6378399071019,296.5855579428025,310.04655835660117,0.4302204007634072
2023-05-05,296.46588639028903,296.4781540003576,303.74019024329147,0.24343031428856224
2023-05-12,300.8797917972283,300.87365928269617,300.87365928269617,0.2576099567819245
2023-05-19,288.4772569249578,288.3730001327735,303.3475641777253,0.1907315530572502
2023-05-26,291.26073375545457,291.27813104432454,309.113930612846,0.1980766928631372
2023-06-02,306.9682838748653,306.99900693887724,315.6897362131083,0.21381506559062544
2023-06-09,320.5583744517066,320.59195860356203,320.59195860356203,0.32157633930775203
2023-06-16,312.0010158594422,312.00517311295977,323.9197494003582,0.29454939692022586
2023-06-23,313.27012723859843,313.2506609742024,327.0318054945737,0.20080975080865177
2023-06-30,307.69086116668785,307.6860069967188,329.33442242364765,0.2330434932696266
2023-07-07,330.0350112700101,330.2338957250192,330.2338957250192,0.5107417267105896
2023-07-14,326.93037933759365,326.9452926162982,328.7143765229441,0.3370291252632894
2023-07-21,332.86757831146025,332.9615512432467,325.2189049391795,0.33768377247450887
2023-07-28,325.212333114295,325.1603384454941,321.3421100074157,0.3081790781329621
2023-08-04,318.53873423522197,318.67862076134355,318.67862076134355,0.23160592782762163
2023-08-11,310.0750069664234,309.9854198976475,317.4611140160735,0.23924814797334515
2023-08-18,310.38181556767466,310.3674001504992,316.61182815177045,0.245766224434579
2023-08-25,319.3710357934885,319.3751307102057,315.759734549706,0.26886938542690303
2023-09-01,314.4706729316498,314.5338045911521,314.5338045911521,0.03358888319566707
2023-09-08,323.6840453149874,323.33259456623784,311.81258550263243,0.07498392100669102
2023-09-15,312.220162968783,312.23376221151403,307.82338515384316,0.10670944306742607
2023-09-22,315.18480237920676,315.18689181092594,304.21831589081415,0.11571208660658885
2023-09-29,302.728591446939,302.6494900595756,302.6494900595756,0.17883924940064247
2023-10-06,305.32583546843034,305.3385317442349,303.32766516272443,0.1673105557826624
2023-10-13,297.6723707675906,297.5906722433013,305.0723662481902,0.20585073582069657
2023-10-20,297.9404891417288,297.94294246899136,307.44885698000195,0.14029151172757257
2023-10-27,310.0635167777743,310.02240102218866,310.02240102218866,0.2706821802491712
2023-11-03,304.5174640427764,304.5238914819286,313.00683865629554,0.21252304111972786
2023-11-10,317.1067908090794,317.1458472431596,316.7930973710326,0.2799098630484192
2023-11-17,324.15650786990693,324.11719945097724,321.2120716411763,0.3109686296474182
2023-11-24,326.07038124176404,326.09465594150277,326.09465594150277,0.16949605482890032
2023-12-01,324.55332299566976,324.500650442666,333.20497106243204,0.19028694537825197
2023-12-08,337.20226707413343,337.2878454615666,342.27223727936354,0.16088587488647355
2023-12-15,341.39883550987446,341.363756150071,350.07499829454247,0.15747047967847425
2023-12-22,353.3664489416294,353.39179781021426,353.39179781021426,0.1547277887189977
2023-12-29,343.9498283584293,344.02055274611104,349.9724043047114,0.2017902731044037
2024-01-05,334.8747879252505,334.88169767628136,342.410630617466,0.24656163088427896
2024-01-12,326.3734685262054,326.39243788293817,334.75108699237285,0.29433995908892896
2024-01-19,330.95107515909837,331.0383836733269,331.0383836733269,0.31170020889137895
2024-01-26,333.8206555122908,333.77970909133535,330.6917575488222,0.3161394710423756
2024-02-02,329.7332263472398,329.7877278735446,330.4375837517199,0.22200110444609142
2024-02-09,331.4661481962865,331.3646269965185,330.2811798924652,0.21770767187973994
2024-02-16,330.2627968889229,330.2278635815036,330.2278635815036,0.11488443016901913
2024-02-23,330.7421358815595,330.7148485057761,331.727734423917,0.10421501291536527
2024-03-01,335.75774023201353,335.6600928906475,335.1420023725504,0.1010724244965628
2024-03-08,329.9632384863494,329.9290643614084,338.84265055949334,0.09151554309569206
2024-03-15,341.1033242141445,341.2016621168353,341.2016621168353,0.1600514646662754
2024-03-22,343.57694764465765,343.571443972529,342.0782912379334,0.16845842054895302
2024-03-29,345.4187659124124,345.5984192226713,342.6351153860719,0.1557706366899555
2024-04-05,350.52304677913725,350.51943089160466,343.19910259823104,0.16683035488295703
2024-04-12,344.08816278344057,344.09722091139105,344.09722091139105,0.2147821449004581
2024-04-19,341.23003139234066,341.23214863614487,346.6992884335396,0.23437519891635558
2024-04-26,343.35356671569076,343.34412613383506,350.89741181014983,0.22714933897002634
2024-05-03,349.98328927836025,349.95123807049674,354.8019918844299,0.20596104252931477
2024-05-10,356.22398965535314,356.52342949958813,356.52342949958813,0.1565453465488102
2024-05-17,350.09989638885,350.1553325529547,352.00304392586264,0.20943072463610327
2024-05-24,348.4137377604834,348.343198013304,342.0581956636665,0.22157791210864794
2024-05-31,342.66245119239017,342.83112551938785,332.1133474014704,0.23072595827042422
2024-06-07,327.6424249776466,327.5929618277449,327.5929618277449,0.38659415052536816
2024-06-14,330.23040121712586,330.21650684696533,329.2985816924377,0.41037983967936814
2024-06-21,327.1467174208137,327.32263423856926,333.0509453947618,0.40480891482786896
2024-06-28,338.32871577372066,338.4675797294766,336.80330909708596,0.5155189882863324
2024-07-05,338.55708426932495,338.50892896177874,338.50892896177874,0.4724113660015102
2024-07-12,331.4791007559126,331.43739343118057,335.14686959387706,0.49354841461182053
2024-07-19,328.350138604878,328.2860476276199,327.48012109474263,0.5044060520036519
2024-07-26,323.36479835419215,323.51024933370906,319.13782787123137,0.5121062651260232
2024-08-02,313.79484342232246,313.74913433019924,313.74913433019924,0.392362788792318
2024-08-09,316.0090019633017,316.0932726451178,311.1489487326526,0.3963048069892741
2024-08-16,319.0955295090901,318.93817304600617,308.9413729848095,0.4318741299753797
2024-08-23,322.5760905153625,322.79124825272896,307.4093419613432,0.22088205537490446
2024-08-30,306.8354699874652,306.8357905369271,306.8357905369271,0.4895807847557478
2024-09-06,310.8364118713088,310.90703618436197,312.39758639483097,0.5596426301762216
2024-09-13,328.05742929200994,328.0033903963305,324.6335372822194,0.88507620282318
2024-09-20,346.53737020344255,346.90087877366983,336.86948816960773,0.9388884056177794
2024-09-27,342.5887091892569,342.4312840275116,342.4312840275116,0.8999374759419415
2024-10-04,337.5496578679973,337.57932730812917,340.12226681741,0.9070992447963458
2024-10-11,335.31872503934676,335.4413032031896,335.04242895518644,0.9024869045486147
2024-10-18,330.10104671847984,329.9354605059037,329.96259109296295,0.9004285481596246
2024-10-25,327.9303029049483,327.65357388286134,327.65357388286134,0.7771963663312796
2024-11-01,351.3125639005136,351.47387098156935,328.219866291804,0.90354465285204
2024-11-08,322.680784535525,322.49266690080657,329.46570959147783,0.9616469872447532
2024-11-15,330.8427256683698,330.9790692046494,330.7115528911517,0.9222094198760311
2024-11-22,331.5068508335789,331.2778453000944,331.2778453000944,0.9084330212139946
2024-11-29,330.2658770949827,330.58990485733636,325.8101815757621,0.8931691128116381
2024-12-06,322.00532554947614,321.9802420297801,313.7813213822311,0.888217190307059
2024-12-13,294.2859504465954,294.329455783067,301.75246118870007,0.9394991833961803
2024-12-20,296.29113825535336,296.2847974643678,296.2847974643678,0.9273950586533053
2024-12-27,296.8926302081269,296.90485555135416,297.32456505477427,0.811332042551189
2025-01-03,296.78680774658,296.69980736557903,299.89697983428,0.6706058360831836
2025-01-10,304.3248037102789,304.48477362823155,303.1817098153145,0.6674568704248177
2025-01-17,306.42169619848585,306.35842301030715,306.35842301030715,0.6697827502679988
2025-01-24,307.7738974023188,307.7358376725742,309.94173152783446,0.672315612153403
2025-01-31,312.19268815128123,312.1927332879142,314.15804985466116,0.6688886430685796
2025-02-07,316.5066241228457,316.50754929433805,317.75474957049846,0.17370654541808586
2025-02-14,319.4555297745171,319.47920225505817,319.47920225505817,0.17884560901356517
2025-02-21,308.5571741066869,308.54146654283386,319.81058152442455,0.32407835906575594
2025-02-28,314.31960538297045,314.3405303419685,320.0575936462251,0.33024689298031246
2025-03-07,309.57261573162566,309.58673894673524,320.2119091774861,0.32429440936187637
2025-03-14,320.3230287247285,320.265198675234,320.265198675234,0.3897013041739225
2025-03-21,316.89848726166525,316.7420587811544,315.4664071289678,0.40321751153249513
2025-03-28,291.2379097297399,291.17762377324044,304.9090657271821,0.701641398623958
2025-04-04,278.8124766098023,278.772543198785,294.35172432539645,0.7059354264371017
2025-04-11,289.7158069844445,289.55293277913023,289.55293277913023,0.7665881934313123
2025-04-18,305.44895018721206,305.42663590285684,292.920554846684,0.821446481175811
2025-04-25,302.0141674687429,302.0026596384657,300.5965114351085,0.8045813073906447
2025-05-02,304.2644808111292,305.0522172571516,308.9404381230484,0.794340571465893
2025-05-09,314.35067071491113,314.31197048914856,314.31197048914856,0.7837727749316092
2025-05-16,309.2132175027598,309.288408351306,316.3896350048702,0.7784731593123587
2025-05-23,313.17142299071634,313.1386797270284,317.74840796536137,0.52681676112202
2025-05-30,319.3209827325466,319.32065839367044,319.092599684797,0.3533999751233285
2025-06-06,321.22683672080825,321.1265204773518,321.1265204773518,0.32322786413787946
2025-06-13,315.60077966901093,315.61463914986405,326.1027255635061,0.23907553082249466
2025-06-20,326.8445415504673,326.8383795353781,333.6527546890543,0.269514817153681
2025-06-27,340.10809893759756,340.0837506127838,340.54939495614263,0.3188092663594279
2025-07-04,343.5734466858478,343.56543346691734,343.56543346691734,0.29461832525150017
2025-07-11,340.1083704532578,340.0489453316672,342.2644395162811,0.2768446074084019
2025-07-18,350.7693419856034,350.7718327850436,339.40225282488143,0.2979353076324799
2025-07-25,332.90633506728614,332.9249347099602,336.54006613348173,0.4990016573341495
2025-08-01,335.25133655391835,335.2390721828455,335.2390721828455,0.49420885842760337
2025-08-08,344.37684087386043,344.39655702408305,336.71339232783646,0.47212797730848677
2025-08-15,341.6483546718098,341.63883735304694,340.40767701588004,0.4434720934029308
2025-08-22,350.8228267599804,350.9650518028122,345.2289126265826,0.39223735787678
2025-08-29,350.0531325979093,350.08408553955013,350.08408553955013,0.3879400399036548
2025-09-05,358.1574563996704,358.25952433360527,355.3041253951668,0.3919882366890489
2025-09-12,358.10430587350896,358.09751826153604,361.4096306998962,0.35499888711635347
2025-09-19,362.5096685206673,362.4841230030186,367.59209113246385,0.16318895516534423
2025-09-26,373.12132035644163,373.04299637159534,373.04299637159534,0.1899306684039742
2025-10-03,379.70496324131204,379.7004590382858,377.9568286291456,0.18804921030868987
2025-10-10,377.22846329182744,377.3000190750906,382.71353148692515,0.1941326450135729
2025-10-17,382.31049394654565,382.13753260052897,386.7827866785931,0.1884525993500101
2025-10-24,389.7184235268234,389.6342759378083,389.6342759378083,0.18638262692459653
2025-10-31,381.0952413552817,381.1775214339738,391.2141691149224,0.25972507722810734
2025-11-07,388.2318553201385,388.2248495511505,392.2399698418942,0.26733659083274497
2025-11-14,374.7032024146954,374.46406449326025,393.3383605247935,0.388385627368111
2025-11-21,395.1688322261505,395.1360235696898,395.1360235696898,0.5000468689278968
2025-11-28,409.1117014664432,408.7887663716851,399.7376776731268,0.539173118701003
2025-12-05,419.60093824691415,421.3192204527105,407.7879703981258,0.5383116371777483
2025-12-12,413.3732390676963,412.3226035303885,417.72347745047324,0.5883921416072989
2025-12-19,427.37671462663667,427.9807745359556,427.9807745359556,0.6265897741164036
2025-12-26,427.8735885715061,427.8659904282318,440.23476741140394,0.5724044634020896
2026-01-02,445.91528124861105,446.24261750901337,454.9123789877055,0.6118092680225464
2026-01-09,466.8019945384823,467.3388536355232,468.5782107017305,0.43583828237701217
2026-01-16,474.59498398388826,477.7968639903494,477.7968639903494,0.3828339289035041
2026-01-23,498.63664194647856,496.00327578933565,483.4766943322106,0.4329706121840904
2026-01-30,475.9893709439825,478.00670074105915,488.36741049630433,0.7000525702178941
2026-02-06,498.64521549860467,497.6352299400913,491.7956438550131,0.6707987610093328
2026-02-13,493.8782810184808,493.08802578071993,493.08802578071993,0.7033032225025271
2026-02-20,515.9689995315165,511.70376049382475,486.05262608281606,0.7020751109044432
2026-02-27,477.3835262625579,476.71965106768795,470.5747467474275,0.8961197616282961
2026-03-06,464.79822153157176,464.42588229032077,455.096867412039,0.8723865866542156
2026-03-13,444.74259019072,448.0614677141351,448.0614677141351,0.8782368936896964
2026-03-20,445.55972201739525,449.1001191960302,457.23286961282236,0.7985713406840753
2026-03-27,469.9342231998768,469.64716104624017,477.40995378993415,0.8415346735561613
2026-04-03,496.55807764505477,496.6316792214113,497.58703796704594,0.8503641005990151
2026-04-10,507.87273532891817,506.75843986573324,506.75843986573324,0.8489780716834152
2026-04-17,506.86889739985514,505.466162861108,506.5969052401551,0.813920795608212
2026-04-24,507.62239083543557,505.466162861108,505.466162861108,0.6307508977601441
